Video position (%),Audience type,Absolute audience retention (%)
0,Organic,112.5
1,Organic,118.75
2,Organic,125
3,Organic,125
4,Organic,125
5,Organic,125
6,Organic,125
7,Organic,125
8,Organic,118.75
9,Organic,118.75
10,Organic,125
11,Organic,125
12,Organic,118.75
13,Organic,118.75
14,Organic,118.75
15,Organic,125
16,Organic,125
17,Organic,118.75
18,Organic,118.75
19,Organic,106.25
20,Organic,106.25
21,Organic,106.25
22,Organic,106.25
23,Organic,106.25
24,Organic,106.25
25,Organic,100
26,Organic,87.5
27,Organic,87.5
28,Organic,87.5
29,Organic,81.25
30,Organic,81.25
31,Organic,81.25
32,Organic,75
33,Organic,68.75
34,Organic,68.75
35,Organic,68.75
36,Organic,62.5
37,Organic,62.5
38,Organic,50
39,Organic,50
40,Organic,50
41,Organic,50
42,Organic,50
43,Organic,50
44,Organic,50
45,Organic,43.75
46,Organic,43.75
47,Organic,43.75
48,Organic,43.75
49,Organic,43.75
50,Organic,43.75
51,Organic,43.75
52,Organic,43.75
53,Organic,37.5
54,Organic,37.5
55,Organic,37.5
56,Organic,37.5
57,Organic,37.5
58,Organic,37.5
59,Organic,37.5
60,Organic,37.5
61,Organic,37.5
62,Organic,37.5
63,Organic,37.5
64,Organic,37.5
65,Organic,37.5
66,Organic,37.5
67,Organic,37.5
68,Organic,37.5
69,Organic,37.5
70,Organic,31.25
71,Organic,31.25
72,Organic,31.25
73,Organic,31.25
74,Organic,31.25
75,Organic,31.25
76,Organic,31.25
77,Organic,31.25
78,Organic,31.25
79,Organic,31.25
80,Organic,31.25
81,Organic,31.25
82,Organic,31.25
83,Organic,31.25
84,Organic,31.25
85,Organic,31.25
86,Organic,31.25
87,Organic,31.25
88,Organic,31.25
89,Organic,25
90,Organic,25
91,Organic,25
92,Organic,25
93,Organic,25
94,Organic,25
95,Organic,25
96,Organic,25
97,Organic,25
98,Organic,25
99,Organic,25
