Video position (%),Absolute audience retention (%),Compared to other videos (%)
0,112.5,20.02
1,118.75,16.56
2,125,13.2
3,125,10.08
4,125,7.29
5,125,4.91
6,125,2.98
7,125,1.5
8,118.75,0.41
9,118.75,-0.32
10,125,-0.78
11,125,-1.03
12,118.75,-1.13
13,118.75,-1.13
14,118.75,-1.08
15,125,-1
16,125,-0.92
17,118.75,-0.84
18,118.75,-0.77
19,106.25,-0.72
20,106.25,-0.68
21,106.25,-0.65
22,106.25,-0.63
23,106.25,-0.62
24,106.25,-0.61
25,100,-0.61
26,87.5,-0.6
27,87.5,-0.6
28,87.5,-0.6
29,81.25,-0.6
30,81.25,-0.6
31,81.25,-0.6
32,75,-0.59
33,68.75,-0.59
34,68.75,-0.59
35,68.75,-0.59
36,62.5,-0.58
37,62.5,-0.58
38,50,-0.57
39,50,-0.57
40,50,-0.56
41,50,-0.56
42,50,-0.55
43,50,-0.55
44,50,-0.54
45,43.75,-0.53
46,43.75,-0.52
47,43.75,-0.51
48,43.75,-0.5
49,43.75,-0.49
50,43.75,-0.48
51,43.75,-0.47
52,43.75,-0.46
53,37.5,-0.45
54,37.5,-0.44
55,37.5,-0.43
56,37.5,-0.41
57,37.5,-0.4
58,37.5,-0.39
59,37.5,-0.37
60,37.5,-0.36
61,37.5,-0.35
62,37.5,-0.33
63,37.5,-0.31
64,37.5,-0.3
65,37.5,-0.28
66,37.5,-0.25
67,37.5,-0.22
68,37.5,-0.18
69,37.5,-0.13
70,31.25,-0.06
71,31.25,0.04
72,31.25,0.19
73,31.25,0.38
74,31.25,0.66
75,31.25,1.02
76,31.25,1.51
77,31.25,2.14
78,31.25,2.95
79,31.25,3.96
80,31.25,5.19
81,31.25,6.67
82,31.25,8.41
83,31.25,10.43
84,31.25,12.7
85,31.25,15.23
86,31.25,17.97
87,31.25,20.9
88,31.25,23.94
89,25,27.05
90,25,30.15
91,25,33.17
92,25,36.06
93,25,38.75
94,25,41.21
95,25,43.4
96,25,45.31
97,25,46.93
98,25,48.29
99,25,49.39
