Date,Content,Video title,Video publish time,Duration,Views
2026-06-27,8_Edn_HCi1s,Germs hitch a ride on you,"Sep 6, 2026",25,0
2026-06-28,8_Edn_HCi1s,Germs hitch a ride on you,"Sep 6, 2026",25,0
2026-06-29,8_Edn_HCi1s,Germs hitch a ride on you,"Sep 6, 2026",25,0
2026-06-30,8_Edn_HCi1s,Germs hitch a ride on you,"Sep 6, 2026",25,0
2026-07-01,8_Edn_HCi1s,Germs hitch a ride on you,"Sep 6, 2026",25,0
2026-07-02,8_Edn_HCi1s,Germs hitch a ride on you,"Sep 6, 2026",25,0
2026-07-03,8_Edn_HCi1s,Germs hitch a ride on you,"Sep 6, 2026",25,0
2026-07-04,8_Edn_HCi1s,Germs hitch a ride on you,"Sep 6, 2026",25,0
2026-07-05,8_Edn_HCi1s,Germs hitch a ride on you,"Sep 6, 2026",25,0
2026-07-06,8_Edn_HCi1s,Germs hitch a ride on you,"Sep 6, 2026",25,0
2026-07-07,8_Edn_HCi1s,Germs hitch a ride on you,"Sep 6, 2026",25,0
2026-07-08,8_Edn_HCi1s,Germs hitch a ride on you,"Sep 6, 2026",25,0
2026-07-09,8_Edn_HCi1s,Germs hitch a ride on you,"Sep 6, 2026",25,0
2026-07-10,8_Edn_HCi1s,Germs hitch a ride on you,"Sep 6, 2026",25,0
2026-07-11,8_Edn_HCi1s,Germs hitch a ride on you,"Sep 6, 2026",25,0
2026-07-12,8_Edn_HCi1s,Germs hitch a ride on you,"Sep 6, 2026",25,0
2026-07-13,8_Edn_HCi1s,Germs hitch a ride on you,"Sep 6, 2026",25,0
2026-07-14,8_Edn_HCi1s,Germs hitch a ride on you,"Sep 6, 2026",25,0
2026-07-15,8_Edn_HCi1s,Germs hitch a ride on you,"Sep 6, 2026",25,0
2026-07-16,8_Edn_HCi1s,Germs hitch a ride on you,"Sep 6, 2026",25,0
2026-07-17,8_Edn_HCi1s,Germs hitch a ride on you,"Sep 6, 2026",25,0
2026-07-18,8_Edn_HCi1s,Germs hitch a ride on you,"Sep 6, 2026",25,0
2026-07-19,8_Edn_HCi1s,Germs hitch a ride on you,"Sep 6, 2026",25,0
2026-07-20,8_Edn_HCi1s,Germs hitch a ride on you,"Sep 6, 2026",25,0
2026-07-21,8_Edn_HCi1s,Germs hitch a ride on you,"Sep 6, 2026",25,0
2026-07-22,8_Edn_HCi1s,Germs hitch a ride on you,"Sep 6, 2026",25,0
2026-07-23,8_Edn_HCi1s,Germs hitch a ride on you,"Sep 6, 2026",25,0
2026-07-24,8_Edn_HCi1s,Germs hitch a ride on you,"Sep 6, 2026",25,0
2026-07-25,8_Edn_HCi1s,Germs hitch a ride on you,"Sep 6, 2026",25,0
2026-07-26,8_Edn_HCi1s,Germs hitch a ride on you,"Sep 6, 2026",25,0
2026-07-27,8_Edn_HCi1s,Germs hitch a ride on you,"Sep 6, 2026",25,0
2026-07-28,8_Edn_HCi1s,Germs hitch a ride on you,"Sep 6, 2026",25,0
2026-07-29,8_Edn_HCi1s,Germs hitch a ride on you,"Sep 6, 2026",25,0
2026-07-30,8_Edn_HCi1s,Germs hitch a ride on you,"Sep 6, 2026",25,0
2026-07-31,8_Edn_HCi1s,Germs hitch a ride on you,"Sep 6, 2026",25,0
2026-08-01,8_Edn_HCi1s,Germs hitch a ride on you,"Sep 6, 2026",25,0
2026-08-02,8_Edn_HCi1s,Germs hitch a ride on you,"Sep 6, 2026",25,0
2026-08-03,8_Edn_HCi1s,Germs hitch a ride on you,"Sep 6, 2026",25,0
2026-08-04,8_Edn_HCi1s,Germs hitch a ride on you,"Sep 6, 2026",25,0
2026-08-05,8_Edn_HCi1s,Germs hitch a ride on you,"Sep 6, 2026",25,0
2026-08-06,8_Edn_HCi1s,Germs hitch a ride on you,"Sep 6, 2026",25,0
2026-08-07,8_Edn_HCi1s,Germs hitch a ride on you,"Sep 6, 2026",25,0
2026-08-08,8_Edn_HCi1s,Germs hitch a ride on you,"Sep 6, 2026",25,0
2026-08-09,8_Edn_HCi1s,Germs hitch a ride on you,"Sep 6, 2026",25,0
2026-08-10,8_Edn_HCi1s,Germs hitch a ride on you,"Sep 6, 2026",25,0
2026-08-11,8_Edn_HCi1s,Germs hitch a ride on you,"Sep 6, 2026",25,0
2026-08-12,8_Edn_HCi1s,Germs hitch a ride on you,"Sep 6, 2026",25,0
2026-08-13,8_Edn_HCi1s,Germs hitch a ride on you,"Sep 6, 2026",25,0
2026-08-14,8_Edn_HCi1s,Germs hitch a ride on you,"Sep 6, 2026",25,0
2026-08-15,8_Edn_HCi1s,Germs hitch a ride on you,"Sep 6, 2026",25,0
2026-08-16,8_Edn_HCi1s,Germs hitch a ride on you,"Sep 6, 2026",25,0
2026-08-17,8_Edn_HCi1s,Germs hitch a ride on you,"Sep 6, 2026",25,0
2026-08-18,8_Edn_HCi1s,Germs hitch a ride on you,"Sep 6, 2026",25,0
2026-08-19,8_Edn_HCi1s,Germs hitch a ride on you,"Sep 6, 2026",25,0
2026-08-20,8_Edn_HCi1s,Germs hitch a ride on you,"Sep 6, 2026",25,0
2026-08-21,8_Edn_HCi1s,Germs hitch a ride on you,"Sep 6, 2026",25,0
2026-08-22,8_Edn_HCi1s,Germs hitch a ride on you,"Sep 6, 2026",25,0
2026-08-23,8_Edn_HCi1s,Germs hitch a ride on you,"Sep 6, 2026",25,0
2026-08-24,8_Edn_HCi1s,Germs hitch a ride on you,"Sep 6, 2026",25,0
2026-08-25,8_Edn_HCi1s,Germs hitch a ride on you,"Sep 6, 2026",25,0
2026-08-26,8_Edn_HCi1s,Germs hitch a ride on you,"Sep 6, 2026",25,0
2026-08-27,8_Edn_HCi1s,Germs hitch a ride on you,"Sep 6, 2026",25,0
2026-08-28,8_Edn_HCi1s,Germs hitch a ride on you,"Sep 6, 2026",25,0
2026-08-29,8_Edn_HCi1s,Germs hitch a ride on you,"Sep 6, 2026",25,0
2026-08-30,8_Edn_HCi1s,Germs hitch a ride on you,"Sep 6, 2026",25,0
2026-08-31,8_Edn_HCi1s,Germs hitch a ride on you,"Sep 6, 2026",25,0
2026-09-01,8_Edn_HCi1s,Germs hitch a ride on you,"Sep 6, 2026",25,0
2026-09-02,8_Edn_HCi1s,Germs hitch a ride on you,"Sep 6, 2026",25,0
2026-09-03,8_Edn_HCi1s,Germs hitch a ride on you,"Sep 6, 2026",25,0
2026-09-04,8_Edn_HCi1s,Germs hitch a ride on you,"Sep 6, 2026",25,0
2026-09-05,8_Edn_HCi1s,Germs hitch a ride on you,"Sep 6, 2026",25,4
2026-09-06,8_Edn_HCi1s,Germs hitch a ride on you,"Sep 6, 2026",25,22
2026-09-07,8_Edn_HCi1s,Germs hitch a ride on you,"Sep 6, 2026",25,0
2026-09-08,8_Edn_HCi1s,Germs hitch a ride on you,"Sep 6, 2026",25,0
2026-09-09,8_Edn_HCi1s,Germs hitch a ride on you,"Sep 6, 2026",25,0
2026-09-10,8_Edn_HCi1s,Germs hitch a ride on you,"Sep 6, 2026",25,0
2026-09-11,8_Edn_HCi1s,Germs hitch a ride on you,"Sep 6, 2026",25,0
2026-09-12,8_Edn_HCi1s,Germs hitch a ride on you,"Sep 6, 2026",25,0
2026-09-13,8_Edn_HCi1s,Germs hitch a ride on you,"Sep 6, 2026",25,0
2026-09-14,8_Edn_HCi1s,Germs hitch a ride on you,"Sep 6, 2026",25,0
2026-09-15,8_Edn_HCi1s,Germs hitch a ride on you,"Sep 6, 2026",25,0
2026-09-16,8_Edn_HCi1s,Germs hitch a ride on you,"Sep 6, 2026",25,0
2026-09-17,8_Edn_HCi1s,Germs hitch a ride on you,"Sep 6, 2026",25,0
2026-09-18,8_Edn_HCi1s,Germs hitch a ride on you,"Sep 6, 2026",25,0
2026-09-19,8_Edn_HCi1s,Germs hitch a ride on you,"Sep 6, 2026",25,0
2026-09-20,8_Edn_HCi1s,Germs hitch a ride on you,"Sep 6, 2026",25,0
2026-09-21,8_Edn_HCi1s,Germs hitch a ride on you,"Sep 6, 2026",25,0
2026-09-22,8_Edn_HCi1s,Germs hitch a ride on you,"Sep 6, 2026",25,0
2026-09-23,8_Edn_HCi1s,Germs hitch a ride on you,"Sep 6, 2026",25,0
2026-09-24,8_Edn_HCi1s,Germs hitch a ride on you,"Sep 6, 2026",25,0
2026-06-27,AL_-qlWko_g,How Did We Discover the Periodic Table?,"Sep 17, 2026",541,0
2026-06-28,AL_-qlWko_g,How Did We Discover the Periodic Table?,"Sep 17, 2026",541,0
2026-06-29,AL_-qlWko_g,How Did We Discover the Periodic Table?,"Sep 17, 2026",541,0
2026-06-30,AL_-qlWko_g,How Did We Discover the Periodic Table?,"Sep 17, 2026",541,0
2026-07-01,AL_-qlWko_g,How Did We Discover the Periodic Table?,"Sep 17, 2026",541,0
2026-07-02,AL_-qlWko_g,How Did We Discover the Periodic Table?,"Sep 17, 2026",541,0
2026-07-03,AL_-qlWko_g,How Did We Discover the Periodic Table?,"Sep 17, 2026",541,0
2026-07-04,AL_-qlWko_g,How Did We Discover the Periodic Table?,"Sep 17, 2026",541,0
2026-07-05,AL_-qlWko_g,How Did We Discover the Periodic Table?,"Sep 17, 2026",541,0
2026-07-06,AL_-qlWko_g,How Did We Discover the Periodic Table?,"Sep 17, 2026",541,0
2026-07-07,AL_-qlWko_g,How Did We Discover the Periodic Table?,"Sep 17, 2026",541,0
2026-07-08,AL_-qlWko_g,How Did We Discover the Periodic Table?,"Sep 17, 2026",541,0
2026-07-09,AL_-qlWko_g,How Did We Discover the Periodic Table?,"Sep 17, 2026",541,0
2026-07-10,AL_-qlWko_g,How Did We Discover the Periodic Table?,"Sep 17, 2026",541,0
2026-07-11,AL_-qlWko_g,How Did We Discover the Periodic Table?,"Sep 17, 2026",541,0
2026-07-12,AL_-qlWko_g,How Did We Discover the Periodic Table?,"Sep 17, 2026",541,0
2026-07-13,AL_-qlWko_g,How Did We Discover the Periodic Table?,"Sep 17, 2026",541,0
2026-07-14,AL_-qlWko_g,How Did We Discover the Periodic Table?,"Sep 17, 2026",541,0
2026-07-15,AL_-qlWko_g,How Did We Discover the Periodic Table?,"Sep 17, 2026",541,0
2026-07-16,AL_-qlWko_g,How Did We Discover the Periodic Table?,"Sep 17, 2026",541,0
2026-07-17,AL_-qlWko_g,How Did We Discover the Periodic Table?,"Sep 17, 2026",541,0
2026-07-18,AL_-qlWko_g,How Did We Discover the Periodic Table?,"Sep 17, 2026",541,0
2026-07-19,AL_-qlWko_g,How Did We Discover the Periodic Table?,"Sep 17, 2026",541,0
2026-07-20,AL_-qlWko_g,How Did We Discover the Periodic Table?,"Sep 17, 2026",541,0
2026-07-21,AL_-qlWko_g,How Did We Discover the Periodic Table?,"Sep 17, 2026",541,0
2026-07-22,AL_-qlWko_g,How Did We Discover the Periodic Table?,"Sep 17, 2026",541,0
2026-07-23,AL_-qlWko_g,How Did We Discover the Periodic Table?,"Sep 17, 2026",541,0
2026-07-24,AL_-qlWko_g,How Did We Discover the Periodic Table?,"Sep 17, 2026",541,0
2026-07-25,AL_-qlWko_g,How Did We Discover the Periodic Table?,"Sep 17, 2026",541,0
2026-07-26,AL_-qlWko_g,How Did We Discover the Periodic Table?,"Sep 17, 2026",541,0
2026-07-27,AL_-qlWko_g,How Did We Discover the Periodic Table?,"Sep 17, 2026",541,0
2026-07-28,AL_-qlWko_g,How Did We Discover the Periodic Table?,"Sep 17, 2026",541,0
2026-07-29,AL_-qlWko_g,How Did We Discover the Periodic Table?,"Sep 17, 2026",541,0
2026-07-30,AL_-qlWko_g,How Did We Discover the Periodic Table?,"Sep 17, 2026",541,0
2026-07-31,AL_-qlWko_g,How Did We Discover the Periodic Table?,"Sep 17, 2026",541,0
2026-08-01,AL_-qlWko_g,How Did We Discover the Periodic Table?,"Sep 17, 2026",541,0
2026-08-02,AL_-qlWko_g,How Did We Discover the Periodic Table?,"Sep 17, 2026",541,0
2026-08-03,AL_-qlWko_g,How Did We Discover the Periodic Table?,"Sep 17, 2026",541,0
2026-08-04,AL_-qlWko_g,How Did We Discover the Periodic Table?,"Sep 17, 2026",541,0
2026-08-05,AL_-qlWko_g,How Did We Discover the Periodic Table?,"Sep 17, 2026",541,0
2026-08-06,AL_-qlWko_g,How Did We Discover the Periodic Table?,"Sep 17, 2026",541,0
2026-08-07,AL_-qlWko_g,How Did We Discover the Periodic Table?,"Sep 17, 2026",541,0
2026-08-08,AL_-qlWko_g,How Did We Discover the Periodic Table?,"Sep 17, 2026",541,0
2026-08-09,AL_-qlWko_g,How Did We Discover the Periodic Table?,"Sep 17, 2026",541,0
2026-08-10,AL_-qlWko_g,How Did We Discover the Periodic Table?,"Sep 17, 2026",541,0
2026-08-11,AL_-qlWko_g,How Did We Discover the Periodic Table?,"Sep 17, 2026",541,0
2026-08-12,AL_-qlWko_g,How Did We Discover the Periodic Table?,"Sep 17, 2026",541,0
2026-08-13,AL_-qlWko_g,How Did We Discover the Periodic Table?,"Sep 17, 2026",541,0
2026-08-14,AL_-qlWko_g,How Did We Discover the Periodic Table?,"Sep 17, 2026",541,0
2026-08-15,AL_-qlWko_g,How Did We Discover the Periodic Table?,"Sep 17, 2026",541,0
2026-08-16,AL_-qlWko_g,How Did We Discover the Periodic Table?,"Sep 17, 2026",541,0
2026-08-17,AL_-qlWko_g,How Did We Discover the Periodic Table?,"Sep 17, 2026",541,0
2026-08-18,AL_-qlWko_g,How Did We Discover the Periodic Table?,"Sep 17, 2026",541,0
2026-08-19,AL_-qlWko_g,How Did We Discover the Periodic Table?,"Sep 17, 2026",541,0
2026-08-20,AL_-qlWko_g,How Did We Discover the Periodic Table?,"Sep 17, 2026",541,0
2026-08-21,AL_-qlWko_g,How Did We Discover the Periodic Table?,"Sep 17, 2026",541,0
2026-08-22,AL_-qlWko_g,How Did We Discover the Periodic Table?,"Sep 17, 2026",541,0
2026-08-23,AL_-qlWko_g,How Did We Discover the Periodic Table?,"Sep 17, 2026",541,0
2026-08-24,AL_-qlWko_g,How Did We Discover the Periodic Table?,"Sep 17, 2026",541,0
2026-08-25,AL_-qlWko_g,How Did We Discover the Periodic Table?,"Sep 17, 2026",541,0
2026-08-26,AL_-qlWko_g,How Did We Discover the Periodic Table?,"Sep 17, 2026",541,0
2026-08-27,AL_-qlWko_g,How Did We Discover the Periodic Table?,"Sep 17, 2026",541,0
2026-08-28,AL_-qlWko_g,How Did We Discover the Periodic Table?,"Sep 17, 2026",541,0
2026-08-29,AL_-qlWko_g,How Did We Discover the Periodic Table?,"Sep 17, 2026",541,0
2026-08-30,AL_-qlWko_g,How Did We Discover the Periodic Table?,"Sep 17, 2026",541,0
2026-08-31,AL_-qlWko_g,How Did We Discover the Periodic Table?,"Sep 17, 2026",541,0
2026-09-01,AL_-qlWko_g,How Did We Discover the Periodic Table?,"Sep 17, 2026",541,0
2026-09-02,AL_-qlWko_g,How Did We Discover the Periodic Table?,"Sep 17, 2026",541,0
2026-09-03,AL_-qlWko_g,How Did We Discover the Periodic Table?,"Sep 17, 2026",541,0
2026-09-04,AL_-qlWko_g,How Did We Discover the Periodic Table?,"Sep 17, 2026",541,0
2026-09-05,AL_-qlWko_g,How Did We Discover the Periodic Table?,"Sep 17, 2026",541,0
2026-09-06,AL_-qlWko_g,How Did We Discover the Periodic Table?,"Sep 17, 2026",541,0
2026-09-07,AL_-qlWko_g,How Did We Discover the Periodic Table?,"Sep 17, 2026",541,0
2026-09-08,AL_-qlWko_g,How Did We Discover the Periodic Table?,"Sep 17, 2026",541,0
2026-09-09,AL_-qlWko_g,How Did We Discover the Periodic Table?,"Sep 17, 2026",541,0
2026-09-10,AL_-qlWko_g,How Did We Discover the Periodic Table?,"Sep 17, 2026",541,0
2026-09-11,AL_-qlWko_g,How Did We Discover the Periodic Table?,"Sep 17, 2026",541,0
2026-09-12,AL_-qlWko_g,How Did We Discover the Periodic Table?,"Sep 17, 2026",541,0
2026-09-13,AL_-qlWko_g,How Did We Discover the Periodic Table?,"Sep 17, 2026",541,0
2026-09-14,AL_-qlWko_g,How Did We Discover the Periodic Table?,"Sep 17, 2026",541,0
2026-09-15,AL_-qlWko_g,How Did We Discover the Periodic Table?,"Sep 17, 2026",541,0
2026-09-16,AL_-qlWko_g,How Did We Discover the Periodic Table?,"Sep 17, 2026",541,0
2026-09-17,AL_-qlWko_g,How Did We Discover the Periodic Table?,"Sep 17, 2026",541,2
2026-09-18,AL_-qlWko_g,How Did We Discover the Periodic Table?,"Sep 17, 2026",541,5
2026-09-19,AL_-qlWko_g,How Did We Discover the Periodic Table?,"Sep 17, 2026",541,22
2026-09-20,AL_-qlWko_g,How Did We Discover the Periodic Table?,"Sep 17, 2026",541,11
2026-09-21,AL_-qlWko_g,How Did We Discover the Periodic Table?,"Sep 17, 2026",541,10
2026-09-22,AL_-qlWko_g,How Did We Discover the Periodic Table?,"Sep 17, 2026",541,13
2026-09-23,AL_-qlWko_g,How Did We Discover the Periodic Table?,"Sep 17, 2026",541,6
2026-09-24,AL_-qlWko_g,How Did We Discover the Periodic Table?,"Sep 17, 2026",541,10
2026-06-27,H1y0DXFVmw8,Germs don't cast a shadow,"Sep 6, 2026",25,0
2026-06-28,H1y0DXFVmw8,Germs don't cast a shadow,"Sep 6, 2026",25,0
2026-06-29,H1y0DXFVmw8,Germs don't cast a shadow,"Sep 6, 2026",25,0
2026-06-30,H1y0DXFVmw8,Germs don't cast a shadow,"Sep 6, 2026",25,0
2026-07-01,H1y0DXFVmw8,Germs don't cast a shadow,"Sep 6, 2026",25,0
2026-07-02,H1y0DXFVmw8,Germs don't cast a shadow,"Sep 6, 2026",25,0
2026-07-03,H1y0DXFVmw8,Germs don't cast a shadow,"Sep 6, 2026",25,0
2026-07-04,H1y0DXFVmw8,Germs don't cast a shadow,"Sep 6, 2026",25,0
2026-07-05,H1y0DXFVmw8,Germs don't cast a shadow,"Sep 6, 2026",25,0
2026-07-06,H1y0DXFVmw8,Germs don't cast a shadow,"Sep 6, 2026",25,0
2026-07-07,H1y0DXFVmw8,Germs don't cast a shadow,"Sep 6, 2026",25,0
2026-07-08,H1y0DXFVmw8,Germs don't cast a shadow,"Sep 6, 2026",25,0
2026-07-09,H1y0DXFVmw8,Germs don't cast a shadow,"Sep 6, 2026",25,0
2026-07-10,H1y0DXFVmw8,Germs don't cast a shadow,"Sep 6, 2026",25,0
2026-07-11,H1y0DXFVmw8,Germs don't cast a shadow,"Sep 6, 2026",25,0
2026-07-12,H1y0DXFVmw8,Germs don't cast a shadow,"Sep 6, 2026",25,0
2026-07-13,H1y0DXFVmw8,Germs don't cast a shadow,"Sep 6, 2026",25,0
2026-07-14,H1y0DXFVmw8,Germs don't cast a shadow,"Sep 6, 2026",25,0
2026-07-15,H1y0DXFVmw8,Germs don't cast a shadow,"Sep 6, 2026",25,0
2026-07-16,H1y0DXFVmw8,Germs don't cast a shadow,"Sep 6, 2026",25,0
2026-07-17,H1y0DXFVmw8,Germs don't cast a shadow,"Sep 6, 2026",25,0
2026-07-18,H1y0DXFVmw8,Germs don't cast a shadow,"Sep 6, 2026",25,0
2026-07-19,H1y0DXFVmw8,Germs don't cast a shadow,"Sep 6, 2026",25,0
2026-07-20,H1y0DXFVmw8,Germs don't cast a shadow,"Sep 6, 2026",25,0
2026-07-21,H1y0DXFVmw8,Germs don't cast a shadow,"Sep 6, 2026",25,0
2026-07-22,H1y0DXFVmw8,Germs don't cast a shadow,"Sep 6, 2026",25,0
2026-07-23,H1y0DXFVmw8,Germs don't cast a shadow,"Sep 6, 2026",25,0
2026-07-24,H1y0DXFVmw8,Germs don't cast a shadow,"Sep 6, 2026",25,0
2026-07-25,H1y0DXFVmw8,Germs don't cast a shadow,"Sep 6, 2026",25,0
2026-07-26,H1y0DXFVmw8,Germs don't cast a shadow,"Sep 6, 2026",25,0
2026-07-27,H1y0DXFVmw8,Germs don't cast a shadow,"Sep 6, 2026",25,0
2026-07-28,H1y0DXFVmw8,Germs don't cast a shadow,"Sep 6, 2026",25,0
2026-07-29,H1y0DXFVmw8,Germs don't cast a shadow,"Sep 6, 2026",25,0
2026-07-30,H1y0DXFVmw8,Germs don't cast a shadow,"Sep 6, 2026",25,0
2026-07-31,H1y0DXFVmw8,Germs don't cast a shadow,"Sep 6, 2026",25,0
2026-08-01,H1y0DXFVmw8,Germs don't cast a shadow,"Sep 6, 2026",25,0
2026-08-02,H1y0DXFVmw8,Germs don't cast a shadow,"Sep 6, 2026",25,0
2026-08-03,H1y0DXFVmw8,Germs don't cast a shadow,"Sep 6, 2026",25,0
2026-08-04,H1y0DXFVmw8,Germs don't cast a shadow,"Sep 6, 2026",25,0
2026-08-05,H1y0DXFVmw8,Germs don't cast a shadow,"Sep 6, 2026",25,0
2026-08-06,H1y0DXFVmw8,Germs don't cast a shadow,"Sep 6, 2026",25,0
2026-08-07,H1y0DXFVmw8,Germs don't cast a shadow,"Sep 6, 2026",25,0
2026-08-08,H1y0DXFVmw8,Germs don't cast a shadow,"Sep 6, 2026",25,0
2026-08-09,H1y0DXFVmw8,Germs don't cast a shadow,"Sep 6, 2026",25,0
2026-08-10,H1y0DXFVmw8,Germs don't cast a shadow,"Sep 6, 2026",25,0
2026-08-11,H1y0DXFVmw8,Germs don't cast a shadow,"Sep 6, 2026",25,0
2026-08-12,H1y0DXFVmw8,Germs don't cast a shadow,"Sep 6, 2026",25,0
2026-08-13,H1y0DXFVmw8,Germs don't cast a shadow,"Sep 6, 2026",25,0
2026-08-14,H1y0DXFVmw8,Germs don't cast a shadow,"Sep 6, 2026",25,0
2026-08-15,H1y0DXFVmw8,Germs don't cast a shadow,"Sep 6, 2026",25,0
2026-08-16,H1y0DXFVmw8,Germs don't cast a shadow,"Sep 6, 2026",25,0
2026-08-17,H1y0DXFVmw8,Germs don't cast a shadow,"Sep 6, 2026",25,0
2026-08-18,H1y0DXFVmw8,Germs don't cast a shadow,"Sep 6, 2026",25,0
2026-08-19,H1y0DXFVmw8,Germs don't cast a shadow,"Sep 6, 2026",25,0
2026-08-20,H1y0DXFVmw8,Germs don't cast a shadow,"Sep 6, 2026",25,0
2026-08-21,H1y0DXFVmw8,Germs don't cast a shadow,"Sep 6, 2026",25,0
2026-08-22,H1y0DXFVmw8,Germs don't cast a shadow,"Sep 6, 2026",25,0
2026-08-23,H1y0DXFVmw8,Germs don't cast a shadow,"Sep 6, 2026",25,0
2026-08-24,H1y0DXFVmw8,Germs don't cast a shadow,"Sep 6, 2026",25,0
2026-08-25,H1y0DXFVmw8,Germs don't cast a shadow,"Sep 6, 2026",25,0
2026-08-26,H1y0DXFVmw8,Germs don't cast a shadow,"Sep 6, 2026",25,0
2026-08-27,H1y0DXFVmw8,Germs don't cast a shadow,"Sep 6, 2026",25,0
2026-08-28,H1y0DXFVmw8,Germs don't cast a shadow,"Sep 6, 2026",25,0
2026-08-29,H1y0DXFVmw8,Germs don't cast a shadow,"Sep 6, 2026",25,0
2026-08-30,H1y0DXFVmw8,Germs don't cast a shadow,"Sep 6, 2026",25,0
2026-08-31,H1y0DXFVmw8,Germs don't cast a shadow,"Sep 6, 2026",25,0
2026-09-01,H1y0DXFVmw8,Germs don't cast a shadow,"Sep 6, 2026",25,0
2026-09-02,H1y0DXFVmw8,Germs don't cast a shadow,"Sep 6, 2026",25,0
2026-09-03,H1y0DXFVmw8,Germs don't cast a shadow,"Sep 6, 2026",25,0
2026-09-04,H1y0DXFVmw8,Germs don't cast a shadow,"Sep 6, 2026",25,0
2026-09-05,H1y0DXFVmw8,Germs don't cast a shadow,"Sep 6, 2026",25,28
2026-09-06,H1y0DXFVmw8,Germs don't cast a shadow,"Sep 6, 2026",25,34
2026-09-07,H1y0DXFVmw8,Germs don't cast a shadow,"Sep 6, 2026",25,15
2026-09-08,H1y0DXFVmw8,Germs don't cast a shadow,"Sep 6, 2026",25,0
2026-09-09,H1y0DXFVmw8,Germs don't cast a shadow,"Sep 6, 2026",25,0
2026-09-10,H1y0DXFVmw8,Germs don't cast a shadow,"Sep 6, 2026",25,1
2026-09-11,H1y0DXFVmw8,Germs don't cast a shadow,"Sep 6, 2026",25,0
2026-09-12,H1y0DXFVmw8,Germs don't cast a shadow,"Sep 6, 2026",25,0
2026-09-13,H1y0DXFVmw8,Germs don't cast a shadow,"Sep 6, 2026",25,0
2026-09-14,H1y0DXFVmw8,Germs don't cast a shadow,"Sep 6, 2026",25,0
2026-09-15,H1y0DXFVmw8,Germs don't cast a shadow,"Sep 6, 2026",25,0
2026-09-16,H1y0DXFVmw8,Germs don't cast a shadow,"Sep 6, 2026",25,0
2026-09-17,H1y0DXFVmw8,Germs don't cast a shadow,"Sep 6, 2026",25,0
2026-09-18,H1y0DXFVmw8,Germs don't cast a shadow,"Sep 6, 2026",25,0
2026-09-19,H1y0DXFVmw8,Germs don't cast a shadow,"Sep 6, 2026",25,0
2026-09-20,H1y0DXFVmw8,Germs don't cast a shadow,"Sep 6, 2026",25,0
2026-09-21,H1y0DXFVmw8,Germs don't cast a shadow,"Sep 6, 2026",25,0
2026-09-22,H1y0DXFVmw8,Germs don't cast a shadow,"Sep 6, 2026",25,0
2026-09-23,H1y0DXFVmw8,Germs don't cast a shadow,"Sep 6, 2026",25,0
2026-09-24,H1y0DXFVmw8,Germs don't cast a shadow,"Sep 6, 2026",25,0
2026-06-27,iqToagXnjX0,Microbes in a drop of pond water,"Sep 6, 2026",25,0
2026-06-28,iqToagXnjX0,Microbes in a drop of pond water,"Sep 6, 2026",25,0
2026-06-29,iqToagXnjX0,Microbes in a drop of pond water,"Sep 6, 2026",25,0
2026-06-30,iqToagXnjX0,Microbes in a drop of pond water,"Sep 6, 2026",25,0
2026-07-01,iqToagXnjX0,Microbes in a drop of pond water,"Sep 6, 2026",25,0
2026-07-02,iqToagXnjX0,Microbes in a drop of pond water,"Sep 6, 2026",25,0
2026-07-03,iqToagXnjX0,Microbes in a drop of pond water,"Sep 6, 2026",25,0
2026-07-04,iqToagXnjX0,Microbes in a drop of pond water,"Sep 6, 2026",25,0
2026-07-05,iqToagXnjX0,Microbes in a drop of pond water,"Sep 6, 2026",25,0
2026-07-06,iqToagXnjX0,Microbes in a drop of pond water,"Sep 6, 2026",25,0
2026-07-07,iqToagXnjX0,Microbes in a drop of pond water,"Sep 6, 2026",25,0
2026-07-08,iqToagXnjX0,Microbes in a drop of pond water,"Sep 6, 2026",25,0
2026-07-09,iqToagXnjX0,Microbes in a drop of pond water,"Sep 6, 2026",25,0
2026-07-10,iqToagXnjX0,Microbes in a drop of pond water,"Sep 6, 2026",25,0
2026-07-11,iqToagXnjX0,Microbes in a drop of pond water,"Sep 6, 2026",25,0
2026-07-12,iqToagXnjX0,Microbes in a drop of pond water,"Sep 6, 2026",25,0
2026-07-13,iqToagXnjX0,Microbes in a drop of pond water,"Sep 6, 2026",25,0
2026-07-14,iqToagXnjX0,Microbes in a drop of pond water,"Sep 6, 2026",25,0
2026-07-15,iqToagXnjX0,Microbes in a drop of pond water,"Sep 6, 2026",25,0
2026-07-16,iqToagXnjX0,Microbes in a drop of pond water,"Sep 6, 2026",25,0
2026-07-17,iqToagXnjX0,Microbes in a drop of pond water,"Sep 6, 2026",25,0
2026-07-18,iqToagXnjX0,Microbes in a drop of pond water,"Sep 6, 2026",25,0
2026-07-19,iqToagXnjX0,Microbes in a drop of pond water,"Sep 6, 2026",25,0
2026-07-20,iqToagXnjX0,Microbes in a drop of pond water,"Sep 6, 2026",25,0
2026-07-21,iqToagXnjX0,Microbes in a drop of pond water,"Sep 6, 2026",25,0
2026-07-22,iqToagXnjX0,Microbes in a drop of pond water,"Sep 6, 2026",25,0
2026-07-23,iqToagXnjX0,Microbes in a drop of pond water,"Sep 6, 2026",25,0
2026-07-24,iqToagXnjX0,Microbes in a drop of pond water,"Sep 6, 2026",25,0
2026-07-25,iqToagXnjX0,Microbes in a drop of pond water,"Sep 6, 2026",25,0
2026-07-26,iqToagXnjX0,Microbes in a drop of pond water,"Sep 6, 2026",25,0
2026-07-27,iqToagXnjX0,Microbes in a drop of pond water,"Sep 6, 2026",25,0
2026-07-28,iqToagXnjX0,Microbes in a drop of pond water,"Sep 6, 2026",25,0
2026-07-29,iqToagXnjX0,Microbes in a drop of pond water,"Sep 6, 2026",25,0
2026-07-30,iqToagXnjX0,Microbes in a drop of pond water,"Sep 6, 2026",25,0
2026-07-31,iqToagXnjX0,Microbes in a drop of pond water,"Sep 6, 2026",25,0
2026-08-01,iqToagXnjX0,Microbes in a drop of pond water,"Sep 6, 2026",25,0
2026-08-02,iqToagXnjX0,Microbes in a drop of pond water,"Sep 6, 2026",25,0
2026-08-03,iqToagXnjX0,Microbes in a drop of pond water,"Sep 6, 2026",25,0
2026-08-04,iqToagXnjX0,Microbes in a drop of pond water,"Sep 6, 2026",25,0
2026-08-05,iqToagXnjX0,Microbes in a drop of pond water,"Sep 6, 2026",25,0
2026-08-06,iqToagXnjX0,Microbes in a drop of pond water,"Sep 6, 2026",25,0
2026-08-07,iqToagXnjX0,Microbes in a drop of pond water,"Sep 6, 2026",25,0
2026-08-08,iqToagXnjX0,Microbes in a drop of pond water,"Sep 6, 2026",25,0
2026-08-09,iqToagXnjX0,Microbes in a drop of pond water,"Sep 6, 2026",25,0
2026-08-10,iqToagXnjX0,Microbes in a drop of pond water,"Sep 6, 2026",25,0
2026-08-11,iqToagXnjX0,Microbes in a drop of pond water,"Sep 6, 2026",25,0
2026-08-12,iqToagXnjX0,Microbes in a drop of pond water,"Sep 6, 2026",25,0
2026-08-13,iqToagXnjX0,Microbes in a drop of pond water,"Sep 6, 2026",25,0
2026-08-14,iqToagXnjX0,Microbes in a drop of pond water,"Sep 6, 2026",25,0
2026-08-15,iqToagXnjX0,Microbes in a drop of pond water,"Sep 6, 2026",25,0
2026-08-16,iqToagXnjX0,Microbes in a drop of pond water,"Sep 6, 2026",25,0
2026-08-17,iqToagXnjX0,Microbes in a drop of pond water,"Sep 6, 2026",25,0
2026-08-18,iqToagXnjX0,Microbes in a drop of pond water,"Sep 6, 2026",25,0
2026-08-19,iqToagXnjX0,Microbes in a drop of pond water,"Sep 6, 2026",25,0
2026-08-20,iqToagXnjX0,Microbes in a drop of pond water,"Sep 6, 2026",25,0
2026-08-21,iqToagXnjX0,Microbes in a drop of pond water,"Sep 6, 2026",25,0
2026-08-22,iqToagXnjX0,Microbes in a drop of pond water,"Sep 6, 2026",25,0
2026-08-23,iqToagXnjX0,Microbes in a drop of pond water,"Sep 6, 2026",25,0
2026-08-24,iqToagXnjX0,Microbes in a drop of pond water,"Sep 6, 2026",25,0
2026-08-25,iqToagXnjX0,Microbes in a drop of pond water,"Sep 6, 2026",25,0
2026-08-26,iqToagXnjX0,Microbes in a drop of pond water,"Sep 6, 2026",25,0
2026-08-27,iqToagXnjX0,Microbes in a drop of pond water,"Sep 6, 2026",25,0
2026-08-28,iqToagXnjX0,Microbes in a drop of pond water,"Sep 6, 2026",25,0
2026-08-29,iqToagXnjX0,Microbes in a drop of pond water,"Sep 6, 2026",25,0
2026-08-30,iqToagXnjX0,Microbes in a drop of pond water,"Sep 6, 2026",25,0
2026-08-31,iqToagXnjX0,Microbes in a drop of pond water,"Sep 6, 2026",25,0
2026-09-01,iqToagXnjX0,Microbes in a drop of pond water,"Sep 6, 2026",25,0
2026-09-02,iqToagXnjX0,Microbes in a drop of pond water,"Sep 6, 2026",25,0
2026-09-03,iqToagXnjX0,Microbes in a drop of pond water,"Sep 6, 2026",25,0
2026-09-04,iqToagXnjX0,Microbes in a drop of pond water,"Sep 6, 2026",25,0
2026-09-05,iqToagXnjX0,Microbes in a drop of pond water,"Sep 6, 2026",25,35
2026-09-06,iqToagXnjX0,Microbes in a drop of pond water,"Sep 6, 2026",25,54
2026-09-07,iqToagXnjX0,Microbes in a drop of pond water,"Sep 6, 2026",25,15
2026-09-08,iqToagXnjX0,Microbes in a drop of pond water,"Sep 6, 2026",25,5
2026-09-09,iqToagXnjX0,Microbes in a drop of pond water,"Sep 6, 2026",25,0
2026-09-10,iqToagXnjX0,Microbes in a drop of pond water,"Sep 6, 2026",25,0
2026-09-11,iqToagXnjX0,Microbes in a drop of pond water,"Sep 6, 2026",25,0
2026-09-12,iqToagXnjX0,Microbes in a drop of pond water,"Sep 6, 2026",25,0
2026-09-13,iqToagXnjX0,Microbes in a drop of pond water,"Sep 6, 2026",25,1
2026-09-14,iqToagXnjX0,Microbes in a drop of pond water,"Sep 6, 2026",25,0
2026-09-15,iqToagXnjX0,Microbes in a drop of pond water,"Sep 6, 2026",25,0
2026-09-16,iqToagXnjX0,Microbes in a drop of pond water,"Sep 6, 2026",25,0
2026-09-17,iqToagXnjX0,Microbes in a drop of pond water,"Sep 6, 2026",25,0
2026-09-18,iqToagXnjX0,Microbes in a drop of pond water,"Sep 6, 2026",25,0
2026-09-19,iqToagXnjX0,Microbes in a drop of pond water,"Sep 6, 2026",25,0
2026-09-20,iqToagXnjX0,Microbes in a drop of pond water,"Sep 6, 2026",25,0
2026-09-21,iqToagXnjX0,Microbes in a drop of pond water,"Sep 6, 2026",25,0
2026-09-22,iqToagXnjX0,Microbes in a drop of pond water,"Sep 6, 2026",25,0
2026-09-23,iqToagXnjX0,Microbes in a drop of pond water,"Sep 6, 2026",25,0
2026-09-24,iqToagXnjX0,Microbes in a drop of pond water,"Sep 6, 2026",25,0
2026-06-27,nFQRWmpulTQ,He predicted a metal before it was found,"Sep 19, 2026",25,0
2026-06-28,nFQRWmpulTQ,He predicted a metal before it was found,"Sep 19, 2026",25,0
2026-06-29,nFQRWmpulTQ,He predicted a metal before it was found,"Sep 19, 2026",25,0
2026-06-30,nFQRWmpulTQ,He predicted a metal before it was found,"Sep 19, 2026",25,0
2026-07-01,nFQRWmpulTQ,He predicted a metal before it was found,"Sep 19, 2026",25,0
2026-07-02,nFQRWmpulTQ,He predicted a metal before it was found,"Sep 19, 2026",25,0
2026-07-03,nFQRWmpulTQ,He predicted a metal before it was found,"Sep 19, 2026",25,0
2026-07-04,nFQRWmpulTQ,He predicted a metal before it was found,"Sep 19, 2026",25,0
2026-07-05,nFQRWmpulTQ,He predicted a metal before it was found,"Sep 19, 2026",25,0
2026-07-06,nFQRWmpulTQ,He predicted a metal before it was found,"Sep 19, 2026",25,0
2026-07-07,nFQRWmpulTQ,He predicted a metal before it was found,"Sep 19, 2026",25,0
2026-07-08,nFQRWmpulTQ,He predicted a metal before it was found,"Sep 19, 2026",25,0
2026-07-09,nFQRWmpulTQ,He predicted a metal before it was found,"Sep 19, 2026",25,0
2026-07-10,nFQRWmpulTQ,He predicted a metal before it was found,"Sep 19, 2026",25,0
2026-07-11,nFQRWmpulTQ,He predicted a metal before it was found,"Sep 19, 2026",25,0
2026-07-12,nFQRWmpulTQ,He predicted a metal before it was found,"Sep 19, 2026",25,0
2026-07-13,nFQRWmpulTQ,He predicted a metal before it was found,"Sep 19, 2026",25,0
2026-07-14,nFQRWmpulTQ,He predicted a metal before it was found,"Sep 19, 2026",25,0
2026-07-15,nFQRWmpulTQ,He predicted a metal before it was found,"Sep 19, 2026",25,0
2026-07-16,nFQRWmpulTQ,He predicted a metal before it was found,"Sep 19, 2026",25,0
2026-07-17,nFQRWmpulTQ,He predicted a metal before it was found,"Sep 19, 2026",25,0
2026-07-18,nFQRWmpulTQ,He predicted a metal before it was found,"Sep 19, 2026",25,0
2026-07-19,nFQRWmpulTQ,He predicted a metal before it was found,"Sep 19, 2026",25,0
2026-07-20,nFQRWmpulTQ,He predicted a metal before it was found,"Sep 19, 2026",25,0
2026-07-21,nFQRWmpulTQ,He predicted a metal before it was found,"Sep 19, 2026",25,0
2026-07-22,nFQRWmpulTQ,He predicted a metal before it was found,"Sep 19, 2026",25,0
2026-07-23,nFQRWmpulTQ,He predicted a metal before it was found,"Sep 19, 2026",25,0
2026-07-24,nFQRWmpulTQ,He predicted a metal before it was found,"Sep 19, 2026",25,0
2026-07-25,nFQRWmpulTQ,He predicted a metal before it was found,"Sep 19, 2026",25,0
2026-07-26,nFQRWmpulTQ,He predicted a metal before it was found,"Sep 19, 2026",25,0
2026-07-27,nFQRWmpulTQ,He predicted a metal before it was found,"Sep 19, 2026",25,0
2026-07-28,nFQRWmpulTQ,He predicted a metal before it was found,"Sep 19, 2026",25,0
2026-07-29,nFQRWmpulTQ,He predicted a metal before it was found,"Sep 19, 2026",25,0
2026-07-30,nFQRWmpulTQ,He predicted a metal before it was found,"Sep 19, 2026",25,0
2026-07-31,nFQRWmpulTQ,He predicted a metal before it was found,"Sep 19, 2026",25,0
2026-08-01,nFQRWmpulTQ,He predicted a metal before it was found,"Sep 19, 2026",25,0
2026-08-02,nFQRWmpulTQ,He predicted a metal before it was found,"Sep 19, 2026",25,0
2026-08-03,nFQRWmpulTQ,He predicted a metal before it was found,"Sep 19, 2026",25,0
2026-08-04,nFQRWmpulTQ,He predicted a metal before it was found,"Sep 19, 2026",25,0
2026-08-05,nFQRWmpulTQ,He predicted a metal before it was found,"Sep 19, 2026",25,0
2026-08-06,nFQRWmpulTQ,He predicted a metal before it was found,"Sep 19, 2026",25,0
2026-08-07,nFQRWmpulTQ,He predicted a metal before it was found,"Sep 19, 2026",25,0
2026-08-08,nFQRWmpulTQ,He predicted a metal before it was found,"Sep 19, 2026",25,0
2026-08-09,nFQRWmpulTQ,He predicted a metal before it was found,"Sep 19, 2026",25,0
2026-08-10,nFQRWmpulTQ,He predicted a metal before it was found,"Sep 19, 2026",25,0
2026-08-11,nFQRWmpulTQ,He predicted a metal before it was found,"Sep 19, 2026",25,0
2026-08-12,nFQRWmpulTQ,He predicted a metal before it was found,"Sep 19, 2026",25,0
2026-08-13,nFQRWmpulTQ,He predicted a metal before it was found,"Sep 19, 2026",25,0
2026-08-14,nFQRWmpulTQ,He predicted a metal before it was found,"Sep 19, 2026",25,0
2026-08-15,nFQRWmpulTQ,He predicted a metal before it was found,"Sep 19, 2026",25,0
2026-08-16,nFQRWmpulTQ,He predicted a metal before it was found,"Sep 19, 2026",25,0
2026-08-17,nFQRWmpulTQ,He predicted a metal before it was found,"Sep 19, 2026",25,0
2026-08-18,nFQRWmpulTQ,He predicted a metal before it was found,"Sep 19, 2026",25,0
2026-08-19,nFQRWmpulTQ,He predicted a metal before it was found,"Sep 19, 2026",25,0
2026-08-20,nFQRWmpulTQ,He predicted a metal before it was found,"Sep 19, 2026",25,0
2026-08-21,nFQRWmpulTQ,He predicted a metal before it was found,"Sep 19, 2026",25,0
2026-08-22,nFQRWmpulTQ,He predicted a metal before it was found,"Sep 19, 2026",25,0
2026-08-23,nFQRWmpulTQ,He predicted a metal before it was found,"Sep 19, 2026",25,0
2026-08-24,nFQRWmpulTQ,He predicted a metal before it was found,"Sep 19, 2026",25,0
2026-08-25,nFQRWmpulTQ,He predicted a metal before it was found,"Sep 19, 2026",25,0
2026-08-26,nFQRWmpulTQ,He predicted a metal before it was found,"Sep 19, 2026",25,0
2026-08-27,nFQRWmpulTQ,He predicted a metal before it was found,"Sep 19, 2026",25,0
2026-08-28,nFQRWmpulTQ,He predicted a metal before it was found,"Sep 19, 2026",25,0
2026-08-29,nFQRWmpulTQ,He predicted a metal before it was found,"Sep 19, 2026",25,0
2026-08-30,nFQRWmpulTQ,He predicted a metal before it was found,"Sep 19, 2026",25,0
2026-08-31,nFQRWmpulTQ,He predicted a metal before it was found,"Sep 19, 2026",25,0
2026-09-01,nFQRWmpulTQ,He predicted a metal before it was found,"Sep 19, 2026",25,0
2026-09-02,nFQRWmpulTQ,He predicted a metal before it was found,"Sep 19, 2026",25,0
2026-09-03,nFQRWmpulTQ,He predicted a metal before it was found,"Sep 19, 2026",25,0
2026-09-04,nFQRWmpulTQ,He predicted a metal before it was found,"Sep 19, 2026",25,0
2026-09-05,nFQRWmpulTQ,He predicted a metal before it was found,"Sep 19, 2026",25,0
2026-09-06,nFQRWmpulTQ,He predicted a metal before it was found,"Sep 19, 2026",25,0
2026-09-07,nFQRWmpulTQ,He predicted a metal before it was found,"Sep 19, 2026",25,0
2026-09-08,nFQRWmpulTQ,He predicted a metal before it was found,"Sep 19, 2026",25,0
2026-09-09,nFQRWmpulTQ,He predicted a metal before it was found,"Sep 19, 2026",25,0
2026-09-10,nFQRWmpulTQ,He predicted a metal before it was found,"Sep 19, 2026",25,0
2026-09-11,nFQRWmpulTQ,He predicted a metal before it was found,"Sep 19, 2026",25,0
2026-09-12,nFQRWmpulTQ,He predicted a metal before it was found,"Sep 19, 2026",25,0
2026-09-13,nFQRWmpulTQ,He predicted a metal before it was found,"Sep 19, 2026",25,0
2026-09-14,nFQRWmpulTQ,He predicted a metal before it was found,"Sep 19, 2026",25,0
2026-09-15,nFQRWmpulTQ,He predicted a metal before it was found,"Sep 19, 2026",25,0
2026-09-16,nFQRWmpulTQ,He predicted a metal before it was found,"Sep 19, 2026",25,0
2026-09-17,nFQRWmpulTQ,He predicted a metal before it was found,"Sep 19, 2026",25,0
2026-09-18,nFQRWmpulTQ,He predicted a metal before it was found,"Sep 19, 2026",25,0
2026-09-19,nFQRWmpulTQ,He predicted a metal before it was found,"Sep 19, 2026",25,22
2026-09-20,nFQRWmpulTQ,He predicted a metal before it was found,"Sep 19, 2026",25,7
2026-09-21,nFQRWmpulTQ,He predicted a metal before it was found,"Sep 19, 2026",25,3
2026-09-22,nFQRWmpulTQ,He predicted a metal before it was found,"Sep 19, 2026",25,0
2026-09-23,nFQRWmpulTQ,He predicted a metal before it was found,"Sep 19, 2026",25,1
2026-09-24,nFQRWmpulTQ,He predicted a metal before it was found,"Sep 19, 2026",25,0
