Content,Video title,Video publish time,Duration,Views,Thumbnail impressions,Thumbnail click-through rate (%),Average view duration,Average percentage viewed (%),Subscribers
Total,,,,453,2033,2.21,0:00:26,28.93,0
iqToagXnjX0,Microbes in a drop of pond water,"Sep 6, 2026",25,110,378,2.38,0:00:19,77.86,0
AL_-qlWko_g,How Did We Discover the Periodic Table?,"Sep 17, 2026",541,79,455,2.86,0:01:37,17.97,0
H1y0DXFVmw8,Germs don't cast a shadow,"Sep 6, 2026",25,78,133,1.5,0:00:15,60.18,0
nFQRWmpulTQ,He predicted a metal before it was found,"Sep 19, 2026",25,33,135,4.44,0:00:13,53.5,0
8_Edn_HCi1s,Germs hitch a ride on you,"Sep 6, 2026",25,26,89,0,0:00:11,45.53,0
uU12JA5rMWg,The periodic table's empty chairs,"Sep 18, 2026",25,25,196,2.04,0:00:15,62.01,0
sILtQxgYQk8,A flask that proved germs come from outside,"Sep 6, 2026",25,24,232,1.72,0:00:09,36.7,0
nba0-f7PPeU,Why tellurium sat before iodine,"Sep 21, 2026",25,19,123,0.81,0:00:10,43.15,0
CnHwX1L9XHg,Gallium sat where the table said,"Sep 20, 2026",26,15,46,2.17,0:00:09,36.33,0
93fPUG-hW0A,Invisible life is still everywhere,"Sep 6, 2026",24,6,58,1.72,0:00:05,23.75,0
LanTHJckYx8,What other table has empty chairs?,"Sep 22, 2026",26,4,25,0,0:00:06,23.08,0
_C92tIJCk8A,How Did We Discover Germs?,"Sep 3, 2026",365,4,24,8.33,0:01:54,31.41,0
frP_YrNShsU,How Did We Discover X-rays?,"Sep 24, 2026",426,0,9,0,,,0
