Video position (%),Absolute audience retention (%)
0,107.14
1,107.14
2,107.14
3,107.14
4,100
5,100
6,100
7,100
8,100
9,100
10,100
11,100
12,100
13,100
14,100
15,100
16,100
17,100
18,100
19,100
20,100
21,100
22,100
23,100
24,92.86
25,85.71
26,85.71
27,85.71
28,78.57
29,78.57
30,78.57
31,78.57
32,78.57
33,78.57
34,78.57
35,71.43
36,71.43
37,71.43
38,64.29
39,64.29
40,64.29
41,64.29
42,64.29
43,64.29
44,57.14
45,57.14
46,57.14
47,57.14
48,57.14
49,57.14
50,57.14
51,57.14
52,50
53,50
54,50
55,50
56,50
57,50
58,50
59,50
60,50
61,50
62,50
63,50
64,50
65,50
66,50
67,50
68,50
69,50
70,50
71,50
72,50
73,42.86
74,42.86
75,42.86
76,42.86
77,42.86
78,42.86
79,42.86
80,35.71
81,35.71
82,35.71
83,28.57
84,21.43
85,21.43
86,14.29
87,14.29
88,14.29
89,14.29
90,14.29
91,14.29
92,14.29
93,7.14
94,7.14
95,7.14
96,7.14
97,7.14
98,7.14
99,7.14
