Video position (%),New and returning viewers,Absolute audience retention (%)
0,New viewers,107.69
1,New viewers,107.69
2,New viewers,107.69
3,New viewers,107.69
4,New viewers,107.69
5,New viewers,107.69
6,New viewers,107.69
7,New viewers,107.69
8,New viewers,107.69
9,New viewers,107.69
10,New viewers,107.69
11,New viewers,107.69
12,New viewers,107.69
13,New viewers,107.69
14,New viewers,107.69
15,New viewers,107.69
16,New viewers,107.69
17,New viewers,107.69
18,New viewers,107.69
19,New viewers,107.69
20,New viewers,107.69
21,New viewers,107.69
22,New viewers,107.69
23,New viewers,107.69
24,New viewers,100
25,New viewers,92.31
26,New viewers,92.31
27,New viewers,92.31
28,New viewers,84.62
29,New viewers,84.62
30,New viewers,84.62
31,New viewers,84.62
32,New viewers,84.62
33,New viewers,84.62
34,New viewers,84.62
35,New viewers,76.92
36,New viewers,76.92
37,New viewers,76.92
38,New viewers,69.23
39,New viewers,69.23
40,New viewers,69.23
41,New viewers,69.23
42,New viewers,69.23
43,New viewers,69.23
44,New viewers,61.54
45,New viewers,61.54
46,New viewers,61.54
47,New viewers,61.54
48,New viewers,61.54
49,New viewers,61.54
50,New viewers,61.54
51,New viewers,61.54
52,New viewers,53.85
53,New viewers,53.85
54,New viewers,53.85
55,New viewers,53.85
56,New viewers,53.85
57,New viewers,53.85
58,New viewers,53.85
59,New viewers,53.85
60,New viewers,53.85
61,New viewers,53.85
62,New viewers,53.85
63,New viewers,53.85
64,New viewers,53.85
65,New viewers,53.85
66,New viewers,53.85
67,New viewers,53.85
68,New viewers,53.85
69,New viewers,53.85
70,New viewers,53.85
71,New viewers,53.85
72,New viewers,53.85
73,New viewers,46.15
74,New viewers,46.15
75,New viewers,46.15
76,New viewers,46.15
77,New viewers,46.15
78,New viewers,46.15
79,New viewers,46.15
80,New viewers,38.46
81,New viewers,38.46
82,New viewers,38.46
83,New viewers,30.77
84,New viewers,23.08
85,New viewers,23.08
86,New viewers,15.38
87,New viewers,15.38
88,New viewers,15.38
89,New viewers,15.38
90,New viewers,15.38
91,New viewers,15.38
92,New viewers,15.38
93,New viewers,7.69
94,New viewers,7.69
95,New viewers,7.69
96,New viewers,7.69
97,New viewers,7.69
98,New viewers,7.69
99,New viewers,7.69
